date,year,month,month_name,quarter,quarter_label,week_of_year,day_of_week,day_name,is_weekend,year_month,year_quarter,date_key
2016-09-04,2016,9,September,3,Q3,35,6,Sunday,True,2016-09,2016-Q3,20160904
2016-09-05,2016,9,September,3,Q3,36,0,Monday,False,2016-09,2016-Q3,20160905
2016-09-06,2016,9,September,3,Q3,36,1,Tuesday,False,2016-09,2016-Q3,20160906
2016-09-07,2016,9,September,3,Q3,36,2,Wednesday,False,2016-09,2016-Q3,20160907
2016-09-08,2016,9,September,3,Q3,36,3,Thursday,False,2016-09,2016-Q3,20160908
2016-09-09,2016,9,September,3,Q3,36,4,Friday,False,2016-09,2016-Q3,20160909
2016-09-10,2016,9,September,3,Q3,36,5,Saturday,True,2016-09,2016-Q3,20160910
2016-09-11,2016,9,September,3,Q3,36,6,Sunday,True,2016-09,2016-Q3,20160911
2016-09-12,2016,9,September,3,Q3,37,0,Monday,False,2016-09,2016-Q3,20160912
2016-09-13,2016,9,September,3,Q3,37,1,Tuesday,False,2016-09,2016-Q3,20160913
2016-09-14,2016,9,September,3,Q3,37,2,Wednesday,False,2016-09,2016-Q3,20160914
2016-09-15,2016,9,September,3,Q3,37,3,Thursday,False,2016-09,2016-Q3,20160915
2016-09-16,2016,9,September,3,Q3,37,4,Friday,False,2016-09,2016-Q3,20160916
2016-09-17,2016,9,September,3,Q3,37,5,Saturday,True,2016-09,2016-Q3,20160917
2016-09-18,2016,9,September,3,Q3,37,6,Sunday,True,2016-09,2016-Q3,20160918
2016-09-19,2016,9,September,3,Q3,38,0,Monday,False,2016-09,2016-Q3,20160919
2016-09-20,2016,9,September,3,Q3,38,1,Tuesday,False,2016-09,2016-Q3,20160920
2016-09-21,2016,9,September,3,Q3,38,2,Wednesday,False,2016-09,2016-Q3,20160921
2016-09-22,2016,9,September,3,Q3,38,3,Thursday,False,2016-09,2016-Q3,20160922
2016-09-23,2016,9,September,3,Q3,38,4,Friday,False,2016-09,2016-Q3,20160923
2016-09-24,2016,9,September,3,Q3,38,5,Saturday,True,2016-09,2016-Q3,20160924
2016-09-25,2016,9,September,3,Q3,38,6,Sunday,True,2016-09,2016-Q3,20160925
2016-09-26,2016,9,September,3,Q3,39,0,Monday,False,2016-09,2016-Q3,20160926
2016-09-27,2016,9,September,3,Q3,39,1,Tuesday,False,2016-09,2016-Q3,20160927
2016-09-28,2016,9,September,3,Q3,39,2,Wednesday,False,2016-09,2016-Q3,20160928
2016-09-29,2016,9,September,3,Q3,39,3,Thursday,False,2016-09,2016-Q3,20160929
2016-09-30,2016,9,September,3,Q3,39,4,Friday,False,2016-09,2016-Q3,20160930
2016-10-01,2016,10,October,4,Q4,39,5,Saturday,True,2016-10,2016-Q4,20161001
2016-10-02,2016,10,October,4,Q4,39,6,Sunday,True,2016-10,2016-Q4,20161002
2016-10-03,2016,10,October,4,Q4,40,0,Monday,False,2016-10,2016-Q4,20161003
2016-10-04,2016,10,October,4,Q4,40,1,Tuesday,False,2016-10,2016-Q4,20161004
2016-10-05,2016,10,October,4,Q4,40,2,Wednesday,False,2016-10,2016-Q4,20161005
2016-10-06,2016,10,October,4,Q4,40,3,Thursday,False,2016-10,2016-Q4,20161006
2016-10-07,2016,10,October,4,Q4,40,4,Friday,False,2016-10,2016-Q4,20161007
2016-10-08,2016,10,October,4,Q4,40,5,Saturday,True,2016-10,2016-Q4,20161008
2016-10-09,2016,10,October,4,Q4,40,6,Sunday,True,2016-10,2016-Q4,20161009
2016-10-10,2016,10,October,4,Q4,41,0,Monday,False,2016-10,2016-Q4,20161010
2016-10-11,2016,10,October,4,Q4,41,1,Tuesday,False,2016-10,2016-Q4,20161011
2016-10-12,2016,10,October,4,Q4,41,2,Wednesday,False,2016-10,2016-Q4,20161012
2016-10-13,2016,10,October,4,Q4,41,3,Thursday,False,2016-10,2016-Q4,20161013
2016-10-14,2016,10,October,4,Q4,41,4,Friday,False,2016-10,2016-Q4,20161014
2016-10-15,2016,10,October,4,Q4,41,5,Saturday,True,2016-10,2016-Q4,20161015
2016-10-16,2016,10,October,4,Q4,41,6,Sunday,True,2016-10,2016-Q4,20161016
2016-10-17,2016,10,October,4,Q4,42,0,Monday,False,2016-10,2016-Q4,20161017
2016-10-18,2016,10,October,4,Q4,42,1,Tuesday,False,2016-10,2016-Q4,20161018
2016-10-19,2016,10,October,4,Q4,42,2,Wednesday,False,2016-10,2016-Q4,20161019
2016-10-20,2016,10,October,4,Q4,42,3,Thursday,False,2016-10,2016-Q4,20161020
2016-10-21,2016,10,October,4,Q4,42,4,Friday,False,2016-10,2016-Q4,20161021
2016-10-22,2016,10,October,4,Q4,42,5,Saturday,True,2016-10,2016-Q4,20161022
2016-10-23,2016,10,October,4,Q4,42,6,Sunday,True,2016-10,2016-Q4,20161023
2016-10-24,2016,10,October,4,Q4,43,0,Monday,False,2016-10,2016-Q4,20161024
2016-10-25,2016,10,October,4,Q4,43,1,Tuesday,False,2016-10,2016-Q4,20161025
2016-10-26,2016,10,October,4,Q4,43,2,Wednesday,False,2016-10,2016-Q4,20161026
2016-10-27,2016,10,October,4,Q4,43,3,Thursday,False,2016-10,2016-Q4,20161027
2016-10-28,2016,10,October,4,Q4,43,4,Friday,False,2016-10,2016-Q4,20161028
2016-10-29,2016,10,October,4,Q4,43,5,Saturday,True,2016-10,2016-Q4,20161029
2016-10-30,2016,10,October,4,Q4,43,6,Sunday,True,2016-10,2016-Q4,20161030
2016-10-31,2016,10,October,4,Q4,44,0,Monday,False,2016-10,2016-Q4,20161031
2016-11-01,2016,11,November,4,Q4,44,1,Tuesday,False,2016-11,2016-Q4,20161101
2016-11-02,2016,11,November,4,Q4,44,2,Wednesday,False,2016-11,2016-Q4,20161102
2016-11-03,2016,11,November,4,Q4,44,3,Thursday,False,2016-11,2016-Q4,20161103
2016-11-04,2016,11,November,4,Q4,44,4,Friday,False,2016-11,2016-Q4,20161104
2016-11-05,2016,11,November,4,Q4,44,5,Saturday,True,2016-11,2016-Q4,20161105
2016-11-06,2016,11,November,4,Q4,44,6,Sunday,True,2016-11,2016-Q4,20161106
2016-11-07,2016,11,November,4,Q4,45,0,Monday,False,2016-11,2016-Q4,20161107
2016-11-08,2016,11,November,4,Q4,45,1,Tuesday,False,2016-11,2016-Q4,20161108
2016-11-09,2016,11,November,4,Q4,45,2,Wednesday,False,2016-11,2016-Q4,20161109
2016-11-10,2016,11,November,4,Q4,45,3,Thursday,False,2016-11,2016-Q4,20161110
2016-11-11,2016,11,November,4,Q4,45,4,Friday,False,2016-11,2016-Q4,20161111
2016-11-12,2016,11,November,4,Q4,45,5,Saturday,True,2016-11,2016-Q4,20161112
2016-11-13,2016,11,November,4,Q4,45,6,Sunday,True,2016-11,2016-Q4,20161113
2016-11-14,2016,11,November,4,Q4,46,0,Monday,False,2016-11,2016-Q4,20161114
2016-11-15,2016,11,November,4,Q4,46,1,Tuesday,False,2016-11,2016-Q4,20161115
2016-11-16,2016,11,November,4,Q4,46,2,Wednesday,False,2016-11,2016-Q4,20161116
2016-11-17,2016,11,November,4,Q4,46,3,Thursday,False,2016-11,2016-Q4,20161117
2016-11-18,2016,11,November,4,Q4,46,4,Friday,False,2016-11,2016-Q4,20161118
2016-11-19,2016,11,November,4,Q4,46,5,Saturday,True,2016-11,2016-Q4,20161119
2016-11-20,2016,11,November,4,Q4,46,6,Sunday,True,2016-11,2016-Q4,20161120
2016-11-21,2016,11,November,4,Q4,47,0,Monday,False,2016-11,2016-Q4,20161121
2016-11-22,2016,11,November,4,Q4,47,1,Tuesday,False,2016-11,2016-Q4,20161122
2016-11-23,2016,11,November,4,Q4,47,2,Wednesday,False,2016-11,2016-Q4,20161123
2016-11-24,2016,11,November,4,Q4,47,3,Thursday,False,2016-11,2016-Q4,20161124
2016-11-25,2016,11,November,4,Q4,47,4,Friday,False,2016-11,2016-Q4,20161125
2016-11-26,2016,11,November,4,Q4,47,5,Saturday,True,2016-11,2016-Q4,20161126
2016-11-27,2016,11,November,4,Q4,47,6,Sunday,True,2016-11,2016-Q4,20161127
2016-11-28,2016,11,November,4,Q4,48,0,Monday,False,2016-11,2016-Q4,20161128
2016-11-29,2016,11,November,4,Q4,48,1,Tuesday,False,2016-11,2016-Q4,20161129
2016-11-30,2016,11,November,4,Q4,48,2,Wednesday,False,2016-11,2016-Q4,20161130
2016-12-01,2016,12,December,4,Q4,48,3,Thursday,False,2016-12,2016-Q4,20161201
2016-12-02,2016,12,December,4,Q4,48,4,Friday,False,2016-12,2016-Q4,20161202
2016-12-03,2016,12,December,4,Q4,48,5,Saturday,True,2016-12,2016-Q4,20161203
2016-12-04,2016,12,December,4,Q4,48,6,Sunday,True,2016-12,2016-Q4,20161204
2016-12-05,2016,12,December,4,Q4,49,0,Monday,False,2016-12,2016-Q4,20161205
2016-12-06,2016,12,December,4,Q4,49,1,Tuesday,False,2016-12,2016-Q4,20161206
2016-12-07,2016,12,December,4,Q4,49,2,Wednesday,False,2016-12,2016-Q4,20161207
2016-12-08,2016,12,December,4,Q4,49,3,Thursday,False,2016-12,2016-Q4,20161208
2016-12-09,2016,12,December,4,Q4,49,4,Friday,False,2016-12,2016-Q4,20161209
2016-12-10,2016,12,December,4,Q4,49,5,Saturday,True,2016-12,2016-Q4,20161210
2016-12-11,2016,12,December,4,Q4,49,6,Sunday,True,2016-12,2016-Q4,20161211
2016-12-12,2016,12,December,4,Q4,50,0,Monday,False,2016-12,2016-Q4,20161212
2016-12-13,2016,12,December,4,Q4,50,1,Tuesday,False,2016-12,2016-Q4,20161213
2016-12-14,2016,12,December,4,Q4,50,2,Wednesday,False,2016-12,2016-Q4,20161214
2016-12-15,2016,12,December,4,Q4,50,3,Thursday,False,2016-12,2016-Q4,20161215
2016-12-16,2016,12,December,4,Q4,50,4,Friday,False,2016-12,2016-Q4,20161216
2016-12-17,2016,12,December,4,Q4,50,5,Saturday,True,2016-12,2016-Q4,20161217
2016-12-18,2016,12,December,4,Q4,50,6,Sunday,True,2016-12,2016-Q4,20161218
2016-12-19,2016,12,December,4,Q4,51,0,Monday,False,2016-12,2016-Q4,20161219
2016-12-20,2016,12,December,4,Q4,51,1,Tuesday,False,2016-12,2016-Q4,20161220
2016-12-21,2016,12,December,4,Q4,51,2,Wednesday,False,2016-12,2016-Q4,20161221
2016-12-22,2016,12,December,4,Q4,51,3,Thursday,False,2016-12,2016-Q4,20161222
2016-12-23,2016,12,December,4,Q4,51,4,Friday,False,2016-12,2016-Q4,20161223
2016-12-24,2016,12,December,4,Q4,51,5,Saturday,True,2016-12,2016-Q4,20161224
2016-12-25,2016,12,December,4,Q4,51,6,Sunday,True,2016-12,2016-Q4,20161225
2016-12-26,2016,12,December,4,Q4,52,0,Monday,False,2016-12,2016-Q4,20161226
2016-12-27,2016,12,December,4,Q4,52,1,Tuesday,False,2016-12,2016-Q4,20161227
2016-12-28,2016,12,December,4,Q4,52,2,Wednesday,False,2016-12,2016-Q4,20161228
2016-12-29,2016,12,December,4,Q4,52,3,Thursday,False,2016-12,2016-Q4,20161229
2016-12-30,2016,12,December,4,Q4,52,4,Friday,False,2016-12,2016-Q4,20161230
2016-12-31,2016,12,December,4,Q4,52,5,Saturday,True,2016-12,2016-Q4,20161231
2017-01-01,2017,1,January,1,Q1,52,6,Sunday,True,2017-01,2017-Q1,20170101
2017-01-02,2017,1,January,1,Q1,1,0,Monday,False,2017-01,2017-Q1,20170102
2017-01-03,2017,1,January,1,Q1,1,1,Tuesday,False,2017-01,2017-Q1,20170103
2017-01-04,2017,1,January,1,Q1,1,2,Wednesday,False,2017-01,2017-Q1,20170104
2017-01-05,2017,1,January,1,Q1,1,3,Thursday,False,2017-01,2017-Q1,20170105
2017-01-06,2017,1,January,1,Q1,1,4,Friday,False,2017-01,2017-Q1,20170106
2017-01-07,2017,1,January,1,Q1,1,5,Saturday,True,2017-01,2017-Q1,20170107
2017-01-08,2017,1,January,1,Q1,1,6,Sunday,True,2017-01,2017-Q1,20170108
2017-01-09,2017,1,January,1,Q1,2,0,Monday,False,2017-01,2017-Q1,20170109
2017-01-10,2017,1,January,1,Q1,2,1,Tuesday,False,2017-01,2017-Q1,20170110
2017-01-11,2017,1,January,1,Q1,2,2,Wednesday,False,2017-01,2017-Q1,20170111
2017-01-12,2017,1,January,1,Q1,2,3,Thursday,False,2017-01,2017-Q1,20170112
2017-01-13,2017,1,January,1,Q1,2,4,Friday,False,2017-01,2017-Q1,20170113
2017-01-14,2017,1,January,1,Q1,2,5,Saturday,True,2017-01,2017-Q1,20170114
2017-01-15,2017,1,January,1,Q1,2,6,Sunday,True,2017-01,2017-Q1,20170115
2017-01-16,2017,1,January,1,Q1,3,0,Monday,False,2017-01,2017-Q1,20170116
2017-01-17,2017,1,January,1,Q1,3,1,Tuesday,False,2017-01,2017-Q1,20170117
2017-01-18,2017,1,January,1,Q1,3,2,Wednesday,False,2017-01,2017-Q1,20170118
2017-01-19,2017,1,January,1,Q1,3,3,Thursday,False,2017-01,2017-Q1,20170119
2017-01-20,2017,1,January,1,Q1,3,4,Friday,False,2017-01,2017-Q1,20170120
2017-01-21,2017,1,January,1,Q1,3,5,Saturday,True,2017-01,2017-Q1,20170121
2017-01-22,2017,1,January,1,Q1,3,6,Sunday,True,2017-01,2017-Q1,20170122
2017-01-23,2017,1,January,1,Q1,4,0,Monday,False,2017-01,2017-Q1,20170123
2017-01-24,2017,1,January,1,Q1,4,1,Tuesday,False,2017-01,2017-Q1,20170124
2017-01-25,2017,1,January,1,Q1,4,2,Wednesday,False,2017-01,2017-Q1,20170125
2017-01-26,2017,1,January,1,Q1,4,3,Thursday,False,2017-01,2017-Q1,20170126
2017-01-27,2017,1,January,1,Q1,4,4,Friday,False,2017-01,2017-Q1,20170127
2017-01-28,2017,1,January,1,Q1,4,5,Saturday,True,2017-01,2017-Q1,20170128
2017-01-29,2017,1,January,1,Q1,4,6,Sunday,True,2017-01,2017-Q1,20170129
2017-01-30,2017,1,January,1,Q1,5,0,Monday,False,2017-01,2017-Q1,20170130
2017-01-31,2017,1,January,1,Q1,5,1,Tuesday,False,2017-01,2017-Q1,20170131
2017-02-01,2017,2,February,1,Q1,5,2,Wednesday,False,2017-02,2017-Q1,20170201
2017-02-02,2017,2,February,1,Q1,5,3,Thursday,False,2017-02,2017-Q1,20170202
2017-02-03,2017,2,February,1,Q1,5,4,Friday,False,2017-02,2017-Q1,20170203
2017-02-04,2017,2,February,1,Q1,5,5,Saturday,True,2017-02,2017-Q1,20170204
2017-02-05,2017,2,February,1,Q1,5,6,Sunday,True,2017-02,2017-Q1,20170205
2017-02-06,2017,2,February,1,Q1,6,0,Monday,False,2017-02,2017-Q1,20170206
2017-02-07,2017,2,February,1,Q1,6,1,Tuesday,False,2017-02,2017-Q1,20170207
2017-02-08,2017,2,February,1,Q1,6,2,Wednesday,False,2017-02,2017-Q1,20170208
2017-02-09,2017,2,February,1,Q1,6,3,Thursday,False,2017-02,2017-Q1,20170209
2017-02-10,2017,2,February,1,Q1,6,4,Friday,False,2017-02,2017-Q1,20170210
2017-02-11,2017,2,February,1,Q1,6,5,Saturday,True,2017-02,2017-Q1,20170211
2017-02-12,2017,2,February,1,Q1,6,6,Sunday,True,2017-02,2017-Q1,20170212
2017-02-13,2017,2,February,1,Q1,7,0,Monday,False,2017-02,2017-Q1,20170213
2017-02-14,2017,2,February,1,Q1,7,1,Tuesday,False,2017-02,2017-Q1,20170214
2017-02-15,2017,2,February,1,Q1,7,2,Wednesday,False,2017-02,2017-Q1,20170215
2017-02-16,2017,2,February,1,Q1,7,3,Thursday,False,2017-02,2017-Q1,20170216
2017-02-17,2017,2,February,1,Q1,7,4,Friday,False,2017-02,2017-Q1,20170217
2017-02-18,2017,2,February,1,Q1,7,5,Saturday,True,2017-02,2017-Q1,20170218
2017-02-19,2017,2,February,1,Q1,7,6,Sunday,True,2017-02,2017-Q1,20170219
2017-02-20,2017,2,February,1,Q1,8,0,Monday,False,2017-02,2017-Q1,20170220
2017-02-21,2017,2,February,1,Q1,8,1,Tuesday,False,2017-02,2017-Q1,20170221
2017-02-22,2017,2,February,1,Q1,8,2,Wednesday,False,2017-02,2017-Q1,20170222
2017-02-23,2017,2,February,1,Q1,8,3,Thursday,False,2017-02,2017-Q1,20170223
2017-02-24,2017,2,February,1,Q1,8,4,Friday,False,2017-02,2017-Q1,20170224
2017-02-25,2017,2,February,1,Q1,8,5,Saturday,True,2017-02,2017-Q1,20170225
2017-02-26,2017,2,February,1,Q1,8,6,Sunday,True,2017-02,2017-Q1,20170226
2017-02-27,2017,2,February,1,Q1,9,0,Monday,False,2017-02,2017-Q1,20170227
2017-02-28,2017,2,February,1,Q1,9,1,Tuesday,False,2017-02,2017-Q1,20170228
2017-03-01,2017,3,March,1,Q1,9,2,Wednesday,False,2017-03,2017-Q1,20170301
2017-03-02,2017,3,March,1,Q1,9,3,Thursday,False,2017-03,2017-Q1,20170302
2017-03-03,2017,3,March,1,Q1,9,4,Friday,False,2017-03,2017-Q1,20170303
2017-03-04,2017,3,March,1,Q1,9,5,Saturday,True,2017-03,2017-Q1,20170304
2017-03-05,2017,3,March,1,Q1,9,6,Sunday,True,2017-03,2017-Q1,20170305
2017-03-06,2017,3,March,1,Q1,10,0,Monday,False,2017-03,2017-Q1,20170306
2017-03-07,2017,3,March,1,Q1,10,1,Tuesday,False,2017-03,2017-Q1,20170307
2017-03-08,2017,3,March,1,Q1,10,2,Wednesday,False,2017-03,2017-Q1,20170308
2017-03-09,2017,3,March,1,Q1,10,3,Thursday,False,2017-03,2017-Q1,20170309
2017-03-10,2017,3,March,1,Q1,10,4,Friday,False,2017-03,2017-Q1,20170310
2017-03-11,2017,3,March,1,Q1,10,5,Saturday,True,2017-03,2017-Q1,20170311
2017-03-12,2017,3,March,1,Q1,10,6,Sunday,True,2017-03,2017-Q1,20170312
2017-03-13,2017,3,March,1,Q1,11,0,Monday,False,2017-03,2017-Q1,20170313
2017-03-14,2017,3,March,1,Q1,11,1,Tuesday,False,2017-03,2017-Q1,20170314
2017-03-15,2017,3,March,1,Q1,11,2,Wednesday,False,2017-03,2017-Q1,20170315
2017-03-16,2017,3,March,1,Q1,11,3,Thursday,False,2017-03,2017-Q1,20170316
2017-03-17,2017,3,March,1,Q1,11,4,Friday,False,2017-03,2017-Q1,20170317
2017-03-18,2017,3,March,1,Q1,11,5,Saturday,True,2017-03,2017-Q1,20170318
2017-03-19,2017,3,March,1,Q1,11,6,Sunday,True,2017-03,2017-Q1,20170319
2017-03-20,2017,3,March,1,Q1,12,0,Monday,False,2017-03,2017-Q1,20170320
2017-03-21,2017,3,March,1,Q1,12,1,Tuesday,False,2017-03,2017-Q1,20170321
2017-03-22,2017,3,March,1,Q1,12,2,Wednesday,False,2017-03,2017-Q1,20170322
2017-03-23,2017,3,March,1,Q1,12,3,Thursday,False,2017-03,2017-Q1,20170323
2017-03-24,2017,3,March,1,Q1,12,4,Friday,False,2017-03,2017-Q1,20170324
2017-03-25,2017,3,March,1,Q1,12,5,Saturday,True,2017-03,2017-Q1,20170325
2017-03-26,2017,3,March,1,Q1,12,6,Sunday,True,2017-03,2017-Q1,20170326
2017-03-27,2017,3,March,1,Q1,13,0,Monday,False,2017-03,2017-Q1,20170327
2017-03-28,2017,3,March,1,Q1,13,1,Tuesday,False,2017-03,2017-Q1,20170328
2017-03-29,2017,3,March,1,Q1,13,2,Wednesday,False,2017-03,2017-Q1,20170329
2017-03-30,2017,3,March,1,Q1,13,3,Thursday,False,2017-03,2017-Q1,20170330
2017-03-31,2017,3,March,1,Q1,13,4,Friday,False,2017-03,2017-Q1,20170331
2017-04-01,2017,4,April,2,Q2,13,5,Saturday,True,2017-04,2017-Q2,20170401
2017-04-02,2017,4,April,2,Q2,13,6,Sunday,True,2017-04,2017-Q2,20170402
2017-04-03,2017,4,April,2,Q2,14,0,Monday,False,2017-04,2017-Q2,20170403
2017-04-04,2017,4,April,2,Q2,14,1,Tuesday,False,2017-04,2017-Q2,20170404
2017-04-05,2017,4,April,2,Q2,14,2,Wednesday,False,2017-04,2017-Q2,20170405
2017-04-06,2017,4,April,2,Q2,14,3,Thursday,False,2017-04,2017-Q2,20170406
2017-04-07,2017,4,April,2,Q2,14,4,Friday,False,2017-04,2017-Q2,20170407
2017-04-08,2017,4,April,2,Q2,14,5,Saturday,True,2017-04,2017-Q2,20170408
2017-04-09,2017,4,April,2,Q2,14,6,Sunday,True,2017-04,2017-Q2,20170409
2017-04-10,2017,4,April,2,Q2,15,0,Monday,False,2017-04,2017-Q2,20170410
2017-04-11,2017,4,April,2,Q2,15,1,Tuesday,False,2017-04,2017-Q2,20170411
2017-04-12,2017,4,April,2,Q2,15,2,Wednesday,False,2017-04,2017-Q2,20170412
2017-04-13,2017,4,April,2,Q2,15,3,Thursday,False,2017-04,2017-Q2,20170413
2017-04-14,2017,4,April,2,Q2,15,4,Friday,False,2017-04,2017-Q2,20170414
2017-04-15,2017,4,April,2,Q2,15,5,Saturday,True,2017-04,2017-Q2,20170415
2017-04-16,2017,4,April,2,Q2,15,6,Sunday,True,2017-04,2017-Q2,20170416
2017-04-17,2017,4,April,2,Q2,16,0,Monday,False,2017-04,2017-Q2,20170417
2017-04-18,2017,4,April,2,Q2,16,1,Tuesday,False,2017-04,2017-Q2,20170418
2017-04-19,2017,4,April,2,Q2,16,2,Wednesday,False,2017-04,2017-Q2,20170419
2017-04-20,2017,4,April,2,Q2,16,3,Thursday,False,2017-04,2017-Q2,20170420
2017-04-21,2017,4,April,2,Q2,16,4,Friday,False,2017-04,2017-Q2,20170421
2017-04-22,2017,4,April,2,Q2,16,5,Saturday,True,2017-04,2017-Q2,20170422
2017-04-23,2017,4,April,2,Q2,16,6,Sunday,True,2017-04,2017-Q2,20170423
2017-04-24,2017,4,April,2,Q2,17,0,Monday,False,2017-04,2017-Q2,20170424
2017-04-25,2017,4,April,2,Q2,17,1,Tuesday,False,2017-04,2017-Q2,20170425
2017-04-26,2017,4,April,2,Q2,17,2,Wednesday,False,2017-04,2017-Q2,20170426
2017-04-27,2017,4,April,2,Q2,17,3,Thursday,False,2017-04,2017-Q2,20170427
2017-04-28,2017,4,April,2,Q2,17,4,Friday,False,2017-04,2017-Q2,20170428
2017-04-29,2017,4,April,2,Q2,17,5,Saturday,True,2017-04,2017-Q2,20170429
2017-04-30,2017,4,April,2,Q2,17,6,Sunday,True,2017-04,2017-Q2,20170430
2017-05-01,2017,5,May,2,Q2,18,0,Monday,False,2017-05,2017-Q2,20170501
2017-05-02,2017,5,May,2,Q2,18,1,Tuesday,False,2017-05,2017-Q2,20170502
2017-05-03,2017,5,May,2,Q2,18,2,Wednesday,False,2017-05,2017-Q2,20170503
2017-05-04,2017,5,May,2,Q2,18,3,Thursday,False,2017-05,2017-Q2,20170504
2017-05-05,2017,5,May,2,Q2,18,4,Friday,False,2017-05,2017-Q2,20170505
2017-05-06,2017,5,May,2,Q2,18,5,Saturday,True,2017-05,2017-Q2,20170506
2017-05-07,2017,5,May,2,Q2,18,6,Sunday,True,2017-05,2017-Q2,20170507
2017-05-08,2017,5,May,2,Q2,19,0,Monday,False,2017-05,2017-Q2,20170508
2017-05-09,2017,5,May,2,Q2,19,1,Tuesday,False,2017-05,2017-Q2,20170509
2017-05-10,2017,5,May,2,Q2,19,2,Wednesday,False,2017-05,2017-Q2,20170510
2017-05-11,2017,5,May,2,Q2,19,3,Thursday,False,2017-05,2017-Q2,20170511
2017-05-12,2017,5,May,2,Q2,19,4,Friday,False,2017-05,2017-Q2,20170512
2017-05-13,2017,5,May,2,Q2,19,5,Saturday,True,2017-05,2017-Q2,20170513
2017-05-14,2017,5,May,2,Q2,19,6,Sunday,True,2017-05,2017-Q2,20170514
2017-05-15,2017,5,May,2,Q2,20,0,Monday,False,2017-05,2017-Q2,20170515
2017-05-16,2017,5,May,2,Q2,20,1,Tuesday,False,2017-05,2017-Q2,20170516
2017-05-17,2017,5,May,2,Q2,20,2,Wednesday,False,2017-05,2017-Q2,20170517
2017-05-18,2017,5,May,2,Q2,20,3,Thursday,False,2017-05,2017-Q2,20170518
2017-05-19,2017,5,May,2,Q2,20,4,Friday,False,2017-05,2017-Q2,20170519
2017-05-20,2017,5,May,2,Q2,20,5,Saturday,True,2017-05,2017-Q2,20170520
2017-05-21,2017,5,May,2,Q2,20,6,Sunday,True,2017-05,2017-Q2,20170521
2017-05-22,2017,5,May,2,Q2,21,0,Monday,False,2017-05,2017-Q2,20170522
2017-05-23,2017,5,May,2,Q2,21,1,Tuesday,False,2017-05,2017-Q2,20170523
2017-05-24,2017,5,May,2,Q2,21,2,Wednesday,False,2017-05,2017-Q2,20170524
2017-05-25,2017,5,May,2,Q2,21,3,Thursday,False,2017-05,2017-Q2,20170525
2017-05-26,2017,5,May,2,Q2,21,4,Friday,False,2017-05,2017-Q2,20170526
2017-05-27,2017,5,May,2,Q2,21,5,Saturday,True,2017-05,2017-Q2,20170527
2017-05-28,2017,5,May,2,Q2,21,6,Sunday,True,2017-05,2017-Q2,20170528
2017-05-29,2017,5,May,2,Q2,22,0,Monday,False,2017-05,2017-Q2,20170529
2017-05-30,2017,5,May,2,Q2,22,1,Tuesday,False,2017-05,2017-Q2,20170530
2017-05-31,2017,5,May,2,Q2,22,2,Wednesday,False,2017-05,2017-Q2,20170531
2017-06-01,2017,6,June,2,Q2,22,3,Thursday,False,2017-06,2017-Q2,20170601
2017-06-02,2017,6,June,2,Q2,22,4,Friday,False,2017-06,2017-Q2,20170602
2017-06-03,2017,6,June,2,Q2,22,5,Saturday,True,2017-06,2017-Q2,20170603
2017-06-04,2017,6,June,2,Q2,22,6,Sunday,True,2017-06,2017-Q2,20170604
2017-06-05,2017,6,June,2,Q2,23,0,Monday,False,2017-06,2017-Q2,20170605
2017-06-06,2017,6,June,2,Q2,23,1,Tuesday,False,2017-06,2017-Q2,20170606
2017-06-07,2017,6,June,2,Q2,23,2,Wednesday,False,2017-06,2017-Q2,20170607
2017-06-08,2017,6,June,2,Q2,23,3,Thursday,False,2017-06,2017-Q2,20170608
2017-06-09,2017,6,June,2,Q2,23,4,Friday,False,2017-06,2017-Q2,20170609
2017-06-10,2017,6,June,2,Q2,23,5,Saturday,True,2017-06,2017-Q2,20170610
2017-06-11,2017,6,June,2,Q2,23,6,Sunday,True,2017-06,2017-Q2,20170611
2017-06-12,2017,6,June,2,Q2,24,0,Monday,False,2017-06,2017-Q2,20170612
2017-06-13,2017,6,June,2,Q2,24,1,Tuesday,False,2017-06,2017-Q2,20170613
2017-06-14,2017,6,June,2,Q2,24,2,Wednesday,False,2017-06,2017-Q2,20170614
2017-06-15,2017,6,June,2,Q2,24,3,Thursday,False,2017-06,2017-Q2,20170615
2017-06-16,2017,6,June,2,Q2,24,4,Friday,False,2017-06,2017-Q2,20170616
2017-06-17,2017,6,June,2,Q2,24,5,Saturday,True,2017-06,2017-Q2,20170617
2017-06-18,2017,6,June,2,Q2,24,6,Sunday,True,2017-06,2017-Q2,20170618
2017-06-19,2017,6,June,2,Q2,25,0,Monday,False,2017-06,2017-Q2,20170619
2017-06-20,2017,6,June,2,Q2,25,1,Tuesday,False,2017-06,2017-Q2,20170620
2017-06-21,2017,6,June,2,Q2,25,2,Wednesday,False,2017-06,2017-Q2,20170621
2017-06-22,2017,6,June,2,Q2,25,3,Thursday,False,2017-06,2017-Q2,20170622
2017-06-23,2017,6,June,2,Q2,25,4,Friday,False,2017-06,2017-Q2,20170623
2017-06-24,2017,6,June,2,Q2,25,5,Saturday,True,2017-06,2017-Q2,20170624
2017-06-25,2017,6,June,2,Q2,25,6,Sunday,True,2017-06,2017-Q2,20170625
2017-06-26,2017,6,June,2,Q2,26,0,Monday,False,2017-06,2017-Q2,20170626
2017-06-27,2017,6,June,2,Q2,26,1,Tuesday,False,2017-06,2017-Q2,20170627
2017-06-28,2017,6,June,2,Q2,26,2,Wednesday,False,2017-06,2017-Q2,20170628
2017-06-29,2017,6,June,2,Q2,26,3,Thursday,False,2017-06,2017-Q2,20170629
2017-06-30,2017,6,June,2,Q2,26,4,Friday,False,2017-06,2017-Q2,20170630
2017-07-01,2017,7,July,3,Q3,26,5,Saturday,True,2017-07,2017-Q3,20170701
2017-07-02,2017,7,July,3,Q3,26,6,Sunday,True,2017-07,2017-Q3,20170702
2017-07-03,2017,7,July,3,Q3,27,0,Monday,False,2017-07,2017-Q3,20170703
2017-07-04,2017,7,July,3,Q3,27,1,Tuesday,False,2017-07,2017-Q3,20170704
2017-07-05,2017,7,July,3,Q3,27,2,Wednesday,False,2017-07,2017-Q3,20170705
2017-07-06,2017,7,July,3,Q3,27,3,Thursday,False,2017-07,2017-Q3,20170706
2017-07-07,2017,7,July,3,Q3,27,4,Friday,False,2017-07,2017-Q3,20170707
2017-07-08,2017,7,July,3,Q3,27,5,Saturday,True,2017-07,2017-Q3,20170708
2017-07-09,2017,7,July,3,Q3,27,6,Sunday,True,2017-07,2017-Q3,20170709
2017-07-10,2017,7,July,3,Q3,28,0,Monday,False,2017-07,2017-Q3,20170710
2017-07-11,2017,7,July,3,Q3,28,1,Tuesday,False,2017-07,2017-Q3,20170711
2017-07-12,2017,7,July,3,Q3,28,2,Wednesday,False,2017-07,2017-Q3,20170712
2017-07-13,2017,7,July,3,Q3,28,3,Thursday,False,2017-07,2017-Q3,20170713
2017-07-14,2017,7,July,3,Q3,28,4,Friday,False,2017-07,2017-Q3,20170714
2017-07-15,2017,7,July,3,Q3,28,5,Saturday,True,2017-07,2017-Q3,20170715
2017-07-16,2017,7,July,3,Q3,28,6,Sunday,True,2017-07,2017-Q3,20170716
2017-07-17,2017,7,July,3,Q3,29,0,Monday,False,2017-07,2017-Q3,20170717
2017-07-18,2017,7,July,3,Q3,29,1,Tuesday,False,2017-07,2017-Q3,20170718
2017-07-19,2017,7,July,3,Q3,29,2,Wednesday,False,2017-07,2017-Q3,20170719
2017-07-20,2017,7,July,3,Q3,29,3,Thursday,False,2017-07,2017-Q3,20170720
2017-07-21,2017,7,July,3,Q3,29,4,Friday,False,2017-07,2017-Q3,20170721
2017-07-22,2017,7,July,3,Q3,29,5,Saturday,True,2017-07,2017-Q3,20170722
2017-07-23,2017,7,July,3,Q3,29,6,Sunday,True,2017-07,2017-Q3,20170723
2017-07-24,2017,7,July,3,Q3,30,0,Monday,False,2017-07,2017-Q3,20170724
2017-07-25,2017,7,July,3,Q3,30,1,Tuesday,False,2017-07,2017-Q3,20170725
2017-07-26,2017,7,July,3,Q3,30,2,Wednesday,False,2017-07,2017-Q3,20170726
2017-07-27,2017,7,July,3,Q3,30,3,Thursday,False,2017-07,2017-Q3,20170727
2017-07-28,2017,7,July,3,Q3,30,4,Friday,False,2017-07,2017-Q3,20170728
2017-07-29,2017,7,July,3,Q3,30,5,Saturday,True,2017-07,2017-Q3,20170729
2017-07-30,2017,7,July,3,Q3,30,6,Sunday,True,2017-07,2017-Q3,20170730
2017-07-31,2017,7,July,3,Q3,31,0,Monday,False,2017-07,2017-Q3,20170731
2017-08-01,2017,8,August,3,Q3,31,1,Tuesday,False,2017-08,2017-Q3,20170801
2017-08-02,2017,8,August,3,Q3,31,2,Wednesday,False,2017-08,2017-Q3,20170802
2017-08-03,2017,8,August,3,Q3,31,3,Thursday,False,2017-08,2017-Q3,20170803
2017-08-04,2017,8,August,3,Q3,31,4,Friday,False,2017-08,2017-Q3,20170804
2017-08-05,2017,8,August,3,Q3,31,5,Saturday,True,2017-08,2017-Q3,20170805
2017-08-06,2017,8,August,3,Q3,31,6,Sunday,True,2017-08,2017-Q3,20170806
2017-08-07,2017,8,August,3,Q3,32,0,Monday,False,2017-08,2017-Q3,20170807
2017-08-08,2017,8,August,3,Q3,32,1,Tuesday,False,2017-08,2017-Q3,20170808
2017-08-09,2017,8,August,3,Q3,32,2,Wednesday,False,2017-08,2017-Q3,20170809
2017-08-10,2017,8,August,3,Q3,32,3,Thursday,False,2017-08,2017-Q3,20170810
2017-08-11,2017,8,August,3,Q3,32,4,Friday,False,2017-08,2017-Q3,20170811
2017-08-12,2017,8,August,3,Q3,32,5,Saturday,True,2017-08,2017-Q3,20170812
2017-08-13,2017,8,August,3,Q3,32,6,Sunday,True,2017-08,2017-Q3,20170813
2017-08-14,2017,8,August,3,Q3,33,0,Monday,False,2017-08,2017-Q3,20170814
2017-08-15,2017,8,August,3,Q3,33,1,Tuesday,False,2017-08,2017-Q3,20170815
2017-08-16,2017,8,August,3,Q3,33,2,Wednesday,False,2017-08,2017-Q3,20170816
2017-08-17,2017,8,August,3,Q3,33,3,Thursday,False,2017-08,2017-Q3,20170817
2017-08-18,2017,8,August,3,Q3,33,4,Friday,False,2017-08,2017-Q3,20170818
2017-08-19,2017,8,August,3,Q3,33,5,Saturday,True,2017-08,2017-Q3,20170819
2017-08-20,2017,8,August,3,Q3,33,6,Sunday,True,2017-08,2017-Q3,20170820
2017-08-21,2017,8,August,3,Q3,34,0,Monday,False,2017-08,2017-Q3,20170821
2017-08-22,2017,8,August,3,Q3,34,1,Tuesday,False,2017-08,2017-Q3,20170822
2017-08-23,2017,8,August,3,Q3,34,2,Wednesday,False,2017-08,2017-Q3,20170823
2017-08-24,2017,8,August,3,Q3,34,3,Thursday,False,2017-08,2017-Q3,20170824
2017-08-25,2017,8,August,3,Q3,34,4,Friday,False,2017-08,2017-Q3,20170825
2017-08-26,2017,8,August,3,Q3,34,5,Saturday,True,2017-08,2017-Q3,20170826
2017-08-27,2017,8,August,3,Q3,34,6,Sunday,True,2017-08,2017-Q3,20170827
2017-08-28,2017,8,August,3,Q3,35,0,Monday,False,2017-08,2017-Q3,20170828
2017-08-29,2017,8,August,3,Q3,35,1,Tuesday,False,2017-08,2017-Q3,20170829
2017-08-30,2017,8,August,3,Q3,35,2,Wednesday,False,2017-08,2017-Q3,20170830
2017-08-31,2017,8,August,3,Q3,35,3,Thursday,False,2017-08,2017-Q3,20170831
2017-09-01,2017,9,September,3,Q3,35,4,Friday,False,2017-09,2017-Q3,20170901
2017-09-02,2017,9,September,3,Q3,35,5,Saturday,True,2017-09,2017-Q3,20170902
2017-09-03,2017,9,September,3,Q3,35,6,Sunday,True,2017-09,2017-Q3,20170903
2017-09-04,2017,9,September,3,Q3,36,0,Monday,False,2017-09,2017-Q3,20170904
2017-09-05,2017,9,September,3,Q3,36,1,Tuesday,False,2017-09,2017-Q3,20170905
2017-09-06,2017,9,September,3,Q3,36,2,Wednesday,False,2017-09,2017-Q3,20170906
2017-09-07,2017,9,September,3,Q3,36,3,Thursday,False,2017-09,2017-Q3,20170907
2017-09-08,2017,9,September,3,Q3,36,4,Friday,False,2017-09,2017-Q3,20170908
2017-09-09,2017,9,September,3,Q3,36,5,Saturday,True,2017-09,2017-Q3,20170909
2017-09-10,2017,9,September,3,Q3,36,6,Sunday,True,2017-09,2017-Q3,20170910
2017-09-11,2017,9,September,3,Q3,37,0,Monday,False,2017-09,2017-Q3,20170911
2017-09-12,2017,9,September,3,Q3,37,1,Tuesday,False,2017-09,2017-Q3,20170912
2017-09-13,2017,9,September,3,Q3,37,2,Wednesday,False,2017-09,2017-Q3,20170913
2017-09-14,2017,9,September,3,Q3,37,3,Thursday,False,2017-09,2017-Q3,20170914
2017-09-15,2017,9,September,3,Q3,37,4,Friday,False,2017-09,2017-Q3,20170915
2017-09-16,2017,9,September,3,Q3,37,5,Saturday,True,2017-09,2017-Q3,20170916
2017-09-17,2017,9,September,3,Q3,37,6,Sunday,True,2017-09,2017-Q3,20170917
2017-09-18,2017,9,September,3,Q3,38,0,Monday,False,2017-09,2017-Q3,20170918
2017-09-19,2017,9,September,3,Q3,38,1,Tuesday,False,2017-09,2017-Q3,20170919
2017-09-20,2017,9,September,3,Q3,38,2,Wednesday,False,2017-09,2017-Q3,20170920
2017-09-21,2017,9,September,3,Q3,38,3,Thursday,False,2017-09,2017-Q3,20170921
2017-09-22,2017,9,September,3,Q3,38,4,Friday,False,2017-09,2017-Q3,20170922
2017-09-23,2017,9,September,3,Q3,38,5,Saturday,True,2017-09,2017-Q3,20170923
2017-09-24,2017,9,September,3,Q3,38,6,Sunday,True,2017-09,2017-Q3,20170924
2017-09-25,2017,9,September,3,Q3,39,0,Monday,False,2017-09,2017-Q3,20170925
2017-09-26,2017,9,September,3,Q3,39,1,Tuesday,False,2017-09,2017-Q3,20170926
2017-09-27,2017,9,September,3,Q3,39,2,Wednesday,False,2017-09,2017-Q3,20170927
2017-09-28,2017,9,September,3,Q3,39,3,Thursday,False,2017-09,2017-Q3,20170928
2017-09-29,2017,9,September,3,Q3,39,4,Friday,False,2017-09,2017-Q3,20170929
2017-09-30,2017,9,September,3,Q3,39,5,Saturday,True,2017-09,2017-Q3,20170930
2017-10-01,2017,10,October,4,Q4,39,6,Sunday,True,2017-10,2017-Q4,20171001
2017-10-02,2017,10,October,4,Q4,40,0,Monday,False,2017-10,2017-Q4,20171002
2017-10-03,2017,10,October,4,Q4,40,1,Tuesday,False,2017-10,2017-Q4,20171003
2017-10-04,2017,10,October,4,Q4,40,2,Wednesday,False,2017-10,2017-Q4,20171004
2017-10-05,2017,10,October,4,Q4,40,3,Thursday,False,2017-10,2017-Q4,20171005
2017-10-06,2017,10,October,4,Q4,40,4,Friday,False,2017-10,2017-Q4,20171006
2017-10-07,2017,10,October,4,Q4,40,5,Saturday,True,2017-10,2017-Q4,20171007
2017-10-08,2017,10,October,4,Q4,40,6,Sunday,True,2017-10,2017-Q4,20171008
2017-10-09,2017,10,October,4,Q4,41,0,Monday,False,2017-10,2017-Q4,20171009
2017-10-10,2017,10,October,4,Q4,41,1,Tuesday,False,2017-10,2017-Q4,20171010
2017-10-11,2017,10,October,4,Q4,41,2,Wednesday,False,2017-10,2017-Q4,20171011
2017-10-12,2017,10,October,4,Q4,41,3,Thursday,False,2017-10,2017-Q4,20171012
2017-10-13,2017,10,October,4,Q4,41,4,Friday,False,2017-10,2017-Q4,20171013
2017-10-14,2017,10,October,4,Q4,41,5,Saturday,True,2017-10,2017-Q4,20171014
2017-10-15,2017,10,October,4,Q4,41,6,Sunday,True,2017-10,2017-Q4,20171015
2017-10-16,2017,10,October,4,Q4,42,0,Monday,False,2017-10,2017-Q4,20171016
2017-10-17,2017,10,October,4,Q4,42,1,Tuesday,False,2017-10,2017-Q4,20171017
2017-10-18,2017,10,October,4,Q4,42,2,Wednesday,False,2017-10,2017-Q4,20171018
2017-10-19,2017,10,October,4,Q4,42,3,Thursday,False,2017-10,2017-Q4,20171019
2017-10-20,2017,10,October,4,Q4,42,4,Friday,False,2017-10,2017-Q4,20171020
2017-10-21,2017,10,October,4,Q4,42,5,Saturday,True,2017-10,2017-Q4,20171021
2017-10-22,2017,10,October,4,Q4,42,6,Sunday,True,2017-10,2017-Q4,20171022
2017-10-23,2017,10,October,4,Q4,43,0,Monday,False,2017-10,2017-Q4,20171023
2017-10-24,2017,10,October,4,Q4,43,1,Tuesday,False,2017-10,2017-Q4,20171024
2017-10-25,2017,10,October,4,Q4,43,2,Wednesday,False,2017-10,2017-Q4,20171025
2017-10-26,2017,10,October,4,Q4,43,3,Thursday,False,2017-10,2017-Q4,20171026
2017-10-27,2017,10,October,4,Q4,43,4,Friday,False,2017-10,2017-Q4,20171027
2017-10-28,2017,10,October,4,Q4,43,5,Saturday,True,2017-10,2017-Q4,20171028
2017-10-29,2017,10,October,4,Q4,43,6,Sunday,True,2017-10,2017-Q4,20171029
2017-10-30,2017,10,October,4,Q4,44,0,Monday,False,2017-10,2017-Q4,20171030
2017-10-31,2017,10,October,4,Q4,44,1,Tuesday,False,2017-10,2017-Q4,20171031
2017-11-01,2017,11,November,4,Q4,44,2,Wednesday,False,2017-11,2017-Q4,20171101
2017-11-02,2017,11,November,4,Q4,44,3,Thursday,False,2017-11,2017-Q4,20171102
2017-11-03,2017,11,November,4,Q4,44,4,Friday,False,2017-11,2017-Q4,20171103
2017-11-04,2017,11,November,4,Q4,44,5,Saturday,True,2017-11,2017-Q4,20171104
2017-11-05,2017,11,November,4,Q4,44,6,Sunday,True,2017-11,2017-Q4,20171105
2017-11-06,2017,11,November,4,Q4,45,0,Monday,False,2017-11,2017-Q4,20171106
2017-11-07,2017,11,November,4,Q4,45,1,Tuesday,False,2017-11,2017-Q4,20171107
2017-11-08,2017,11,November,4,Q4,45,2,Wednesday,False,2017-11,2017-Q4,20171108
2017-11-09,2017,11,November,4,Q4,45,3,Thursday,False,2017-11,2017-Q4,20171109
2017-11-10,2017,11,November,4,Q4,45,4,Friday,False,2017-11,2017-Q4,20171110
2017-11-11,2017,11,November,4,Q4,45,5,Saturday,True,2017-11,2017-Q4,20171111
2017-11-12,2017,11,November,4,Q4,45,6,Sunday,True,2017-11,2017-Q4,20171112
2017-11-13,2017,11,November,4,Q4,46,0,Monday,False,2017-11,2017-Q4,20171113
2017-11-14,2017,11,November,4,Q4,46,1,Tuesday,False,2017-11,2017-Q4,20171114
2017-11-15,2017,11,November,4,Q4,46,2,Wednesday,False,2017-11,2017-Q4,20171115
2017-11-16,2017,11,November,4,Q4,46,3,Thursday,False,2017-11,2017-Q4,20171116
2017-11-17,2017,11,November,4,Q4,46,4,Friday,False,2017-11,2017-Q4,20171117
2017-11-18,2017,11,November,4,Q4,46,5,Saturday,True,2017-11,2017-Q4,20171118
2017-11-19,2017,11,November,4,Q4,46,6,Sunday,True,2017-11,2017-Q4,20171119
2017-11-20,2017,11,November,4,Q4,47,0,Monday,False,2017-11,2017-Q4,20171120
2017-11-21,2017,11,November,4,Q4,47,1,Tuesday,False,2017-11,2017-Q4,20171121
2017-11-22,2017,11,November,4,Q4,47,2,Wednesday,False,2017-11,2017-Q4,20171122
2017-11-23,2017,11,November,4,Q4,47,3,Thursday,False,2017-11,2017-Q4,20171123
2017-11-24,2017,11,November,4,Q4,47,4,Friday,False,2017-11,2017-Q4,20171124
2017-11-25,2017,11,November,4,Q4,47,5,Saturday,True,2017-11,2017-Q4,20171125
2017-11-26,2017,11,November,4,Q4,47,6,Sunday,True,2017-11,2017-Q4,20171126
2017-11-27,2017,11,November,4,Q4,48,0,Monday,False,2017-11,2017-Q4,20171127
2017-11-28,2017,11,November,4,Q4,48,1,Tuesday,False,2017-11,2017-Q4,20171128
2017-11-29,2017,11,November,4,Q4,48,2,Wednesday,False,2017-11,2017-Q4,20171129
2017-11-30,2017,11,November,4,Q4,48,3,Thursday,False,2017-11,2017-Q4,20171130
2017-12-01,2017,12,December,4,Q4,48,4,Friday,False,2017-12,2017-Q4,20171201
2017-12-02,2017,12,December,4,Q4,48,5,Saturday,True,2017-12,2017-Q4,20171202
2017-12-03,2017,12,December,4,Q4,48,6,Sunday,True,2017-12,2017-Q4,20171203
2017-12-04,2017,12,December,4,Q4,49,0,Monday,False,2017-12,2017-Q4,20171204
2017-12-05,2017,12,December,4,Q4,49,1,Tuesday,False,2017-12,2017-Q4,20171205
2017-12-06,2017,12,December,4,Q4,49,2,Wednesday,False,2017-12,2017-Q4,20171206
2017-12-07,2017,12,December,4,Q4,49,3,Thursday,False,2017-12,2017-Q4,20171207
2017-12-08,2017,12,December,4,Q4,49,4,Friday,False,2017-12,2017-Q4,20171208
2017-12-09,2017,12,December,4,Q4,49,5,Saturday,True,2017-12,2017-Q4,20171209
2017-12-10,2017,12,December,4,Q4,49,6,Sunday,True,2017-12,2017-Q4,20171210
2017-12-11,2017,12,December,4,Q4,50,0,Monday,False,2017-12,2017-Q4,20171211
2017-12-12,2017,12,December,4,Q4,50,1,Tuesday,False,2017-12,2017-Q4,20171212
2017-12-13,2017,12,December,4,Q4,50,2,Wednesday,False,2017-12,2017-Q4,20171213
2017-12-14,2017,12,December,4,Q4,50,3,Thursday,False,2017-12,2017-Q4,20171214
2017-12-15,2017,12,December,4,Q4,50,4,Friday,False,2017-12,2017-Q4,20171215
2017-12-16,2017,12,December,4,Q4,50,5,Saturday,True,2017-12,2017-Q4,20171216
2017-12-17,2017,12,December,4,Q4,50,6,Sunday,True,2017-12,2017-Q4,20171217
2017-12-18,2017,12,December,4,Q4,51,0,Monday,False,2017-12,2017-Q4,20171218
2017-12-19,2017,12,December,4,Q4,51,1,Tuesday,False,2017-12,2017-Q4,20171219
2017-12-20,2017,12,December,4,Q4,51,2,Wednesday,False,2017-12,2017-Q4,20171220
2017-12-21,2017,12,December,4,Q4,51,3,Thursday,False,2017-12,2017-Q4,20171221
2017-12-22,2017,12,December,4,Q4,51,4,Friday,False,2017-12,2017-Q4,20171222
2017-12-23,2017,12,December,4,Q4,51,5,Saturday,True,2017-12,2017-Q4,20171223
2017-12-24,2017,12,December,4,Q4,51,6,Sunday,True,2017-12,2017-Q4,20171224
2017-12-25,2017,12,December,4,Q4,52,0,Monday,False,2017-12,2017-Q4,20171225
2017-12-26,2017,12,December,4,Q4,52,1,Tuesday,False,2017-12,2017-Q4,20171226
2017-12-27,2017,12,December,4,Q4,52,2,Wednesday,False,2017-12,2017-Q4,20171227
2017-12-28,2017,12,December,4,Q4,52,3,Thursday,False,2017-12,2017-Q4,20171228
2017-12-29,2017,12,December,4,Q4,52,4,Friday,False,2017-12,2017-Q4,20171229
2017-12-30,2017,12,December,4,Q4,52,5,Saturday,True,2017-12,2017-Q4,20171230
2017-12-31,2017,12,December,4,Q4,52,6,Sunday,True,2017-12,2017-Q4,20171231
2018-01-01,2018,1,January,1,Q1,1,0,Monday,False,2018-01,2018-Q1,20180101
2018-01-02,2018,1,January,1,Q1,1,1,Tuesday,False,2018-01,2018-Q1,20180102
2018-01-03,2018,1,January,1,Q1,1,2,Wednesday,False,2018-01,2018-Q1,20180103
2018-01-04,2018,1,January,1,Q1,1,3,Thursday,False,2018-01,2018-Q1,20180104
2018-01-05,2018,1,January,1,Q1,1,4,Friday,False,2018-01,2018-Q1,20180105
2018-01-06,2018,1,January,1,Q1,1,5,Saturday,True,2018-01,2018-Q1,20180106
2018-01-07,2018,1,January,1,Q1,1,6,Sunday,True,2018-01,2018-Q1,20180107
2018-01-08,2018,1,January,1,Q1,2,0,Monday,False,2018-01,2018-Q1,20180108
2018-01-09,2018,1,January,1,Q1,2,1,Tuesday,False,2018-01,2018-Q1,20180109
2018-01-10,2018,1,January,1,Q1,2,2,Wednesday,False,2018-01,2018-Q1,20180110
2018-01-11,2018,1,January,1,Q1,2,3,Thursday,False,2018-01,2018-Q1,20180111
2018-01-12,2018,1,January,1,Q1,2,4,Friday,False,2018-01,2018-Q1,20180112
2018-01-13,2018,1,January,1,Q1,2,5,Saturday,True,2018-01,2018-Q1,20180113
2018-01-14,2018,1,January,1,Q1,2,6,Sunday,True,2018-01,2018-Q1,20180114
2018-01-15,2018,1,January,1,Q1,3,0,Monday,False,2018-01,2018-Q1,20180115
2018-01-16,2018,1,January,1,Q1,3,1,Tuesday,False,2018-01,2018-Q1,20180116
2018-01-17,2018,1,January,1,Q1,3,2,Wednesday,False,2018-01,2018-Q1,20180117
2018-01-18,2018,1,January,1,Q1,3,3,Thursday,False,2018-01,2018-Q1,20180118
2018-01-19,2018,1,January,1,Q1,3,4,Friday,False,2018-01,2018-Q1,20180119
2018-01-20,2018,1,January,1,Q1,3,5,Saturday,True,2018-01,2018-Q1,20180120
2018-01-21,2018,1,January,1,Q1,3,6,Sunday,True,2018-01,2018-Q1,20180121
2018-01-22,2018,1,January,1,Q1,4,0,Monday,False,2018-01,2018-Q1,20180122
2018-01-23,2018,1,January,1,Q1,4,1,Tuesday,False,2018-01,2018-Q1,20180123
2018-01-24,2018,1,January,1,Q1,4,2,Wednesday,False,2018-01,2018-Q1,20180124
2018-01-25,2018,1,January,1,Q1,4,3,Thursday,False,2018-01,2018-Q1,20180125
2018-01-26,2018,1,January,1,Q1,4,4,Friday,False,2018-01,2018-Q1,20180126
2018-01-27,2018,1,January,1,Q1,4,5,Saturday,True,2018-01,2018-Q1,20180127
2018-01-28,2018,1,January,1,Q1,4,6,Sunday,True,2018-01,2018-Q1,20180128
2018-01-29,2018,1,January,1,Q1,5,0,Monday,False,2018-01,2018-Q1,20180129
2018-01-30,2018,1,January,1,Q1,5,1,Tuesday,False,2018-01,2018-Q1,20180130
2018-01-31,2018,1,January,1,Q1,5,2,Wednesday,False,2018-01,2018-Q1,20180131
2018-02-01,2018,2,February,1,Q1,5,3,Thursday,False,2018-02,2018-Q1,20180201
2018-02-02,2018,2,February,1,Q1,5,4,Friday,False,2018-02,2018-Q1,20180202
2018-02-03,2018,2,February,1,Q1,5,5,Saturday,True,2018-02,2018-Q1,20180203
2018-02-04,2018,2,February,1,Q1,5,6,Sunday,True,2018-02,2018-Q1,20180204
2018-02-05,2018,2,February,1,Q1,6,0,Monday,False,2018-02,2018-Q1,20180205
2018-02-06,2018,2,February,1,Q1,6,1,Tuesday,False,2018-02,2018-Q1,20180206
2018-02-07,2018,2,February,1,Q1,6,2,Wednesday,False,2018-02,2018-Q1,20180207
2018-02-08,2018,2,February,1,Q1,6,3,Thursday,False,2018-02,2018-Q1,20180208
2018-02-09,2018,2,February,1,Q1,6,4,Friday,False,2018-02,2018-Q1,20180209
2018-02-10,2018,2,February,1,Q1,6,5,Saturday,True,2018-02,2018-Q1,20180210
2018-02-11,2018,2,February,1,Q1,6,6,Sunday,True,2018-02,2018-Q1,20180211
2018-02-12,2018,2,February,1,Q1,7,0,Monday,False,2018-02,2018-Q1,20180212
2018-02-13,2018,2,February,1,Q1,7,1,Tuesday,False,2018-02,2018-Q1,20180213
2018-02-14,2018,2,February,1,Q1,7,2,Wednesday,False,2018-02,2018-Q1,20180214
2018-02-15,2018,2,February,1,Q1,7,3,Thursday,False,2018-02,2018-Q1,20180215
2018-02-16,2018,2,February,1,Q1,7,4,Friday,False,2018-02,2018-Q1,20180216
2018-02-17,2018,2,February,1,Q1,7,5,Saturday,True,2018-02,2018-Q1,20180217
2018-02-18,2018,2,February,1,Q1,7,6,Sunday,True,2018-02,2018-Q1,20180218
2018-02-19,2018,2,February,1,Q1,8,0,Monday,False,2018-02,2018-Q1,20180219
2018-02-20,2018,2,February,1,Q1,8,1,Tuesday,False,2018-02,2018-Q1,20180220
2018-02-21,2018,2,February,1,Q1,8,2,Wednesday,False,2018-02,2018-Q1,20180221
2018-02-22,2018,2,February,1,Q1,8,3,Thursday,False,2018-02,2018-Q1,20180222
2018-02-23,2018,2,February,1,Q1,8,4,Friday,False,2018-02,2018-Q1,20180223
2018-02-24,2018,2,February,1,Q1,8,5,Saturday,True,2018-02,2018-Q1,20180224
2018-02-25,2018,2,February,1,Q1,8,6,Sunday,True,2018-02,2018-Q1,20180225
2018-02-26,2018,2,February,1,Q1,9,0,Monday,False,2018-02,2018-Q1,20180226
2018-02-27,2018,2,February,1,Q1,9,1,Tuesday,False,2018-02,2018-Q1,20180227
2018-02-28,2018,2,February,1,Q1,9,2,Wednesday,False,2018-02,2018-Q1,20180228
2018-03-01,2018,3,March,1,Q1,9,3,Thursday,False,2018-03,2018-Q1,20180301
2018-03-02,2018,3,March,1,Q1,9,4,Friday,False,2018-03,2018-Q1,20180302
2018-03-03,2018,3,March,1,Q1,9,5,Saturday,True,2018-03,2018-Q1,20180303
2018-03-04,2018,3,March,1,Q1,9,6,Sunday,True,2018-03,2018-Q1,20180304
2018-03-05,2018,3,March,1,Q1,10,0,Monday,False,2018-03,2018-Q1,20180305
2018-03-06,2018,3,March,1,Q1,10,1,Tuesday,False,2018-03,2018-Q1,20180306
2018-03-07,2018,3,March,1,Q1,10,2,Wednesday,False,2018-03,2018-Q1,20180307
2018-03-08,2018,3,March,1,Q1,10,3,Thursday,False,2018-03,2018-Q1,20180308
2018-03-09,2018,3,March,1,Q1,10,4,Friday,False,2018-03,2018-Q1,20180309
2018-03-10,2018,3,March,1,Q1,10,5,Saturday,True,2018-03,2018-Q1,20180310
2018-03-11,2018,3,March,1,Q1,10,6,Sunday,True,2018-03,2018-Q1,20180311
2018-03-12,2018,3,March,1,Q1,11,0,Monday,False,2018-03,2018-Q1,20180312
2018-03-13,2018,3,March,1,Q1,11,1,Tuesday,False,2018-03,2018-Q1,20180313
2018-03-14,2018,3,March,1,Q1,11,2,Wednesday,False,2018-03,2018-Q1,20180314
2018-03-15,2018,3,March,1,Q1,11,3,Thursday,False,2018-03,2018-Q1,20180315
2018-03-16,2018,3,March,1,Q1,11,4,Friday,False,2018-03,2018-Q1,20180316
2018-03-17,2018,3,March,1,Q1,11,5,Saturday,True,2018-03,2018-Q1,20180317
2018-03-18,2018,3,March,1,Q1,11,6,Sunday,True,2018-03,2018-Q1,20180318
2018-03-19,2018,3,March,1,Q1,12,0,Monday,False,2018-03,2018-Q1,20180319
2018-03-20,2018,3,March,1,Q1,12,1,Tuesday,False,2018-03,2018-Q1,20180320
2018-03-21,2018,3,March,1,Q1,12,2,Wednesday,False,2018-03,2018-Q1,20180321
2018-03-22,2018,3,March,1,Q1,12,3,Thursday,False,2018-03,2018-Q1,20180322
2018-03-23,2018,3,March,1,Q1,12,4,Friday,False,2018-03,2018-Q1,20180323
2018-03-24,2018,3,March,1,Q1,12,5,Saturday,True,2018-03,2018-Q1,20180324
2018-03-25,2018,3,March,1,Q1,12,6,Sunday,True,2018-03,2018-Q1,20180325
2018-03-26,2018,3,March,1,Q1,13,0,Monday,False,2018-03,2018-Q1,20180326
2018-03-27,2018,3,March,1,Q1,13,1,Tuesday,False,2018-03,2018-Q1,20180327
2018-03-28,2018,3,March,1,Q1,13,2,Wednesday,False,2018-03,2018-Q1,20180328
2018-03-29,2018,3,March,1,Q1,13,3,Thursday,False,2018-03,2018-Q1,20180329
2018-03-30,2018,3,March,1,Q1,13,4,Friday,False,2018-03,2018-Q1,20180330
2018-03-31,2018,3,March,1,Q1,13,5,Saturday,True,2018-03,2018-Q1,20180331
2018-04-01,2018,4,April,2,Q2,13,6,Sunday,True,2018-04,2018-Q2,20180401
2018-04-02,2018,4,April,2,Q2,14,0,Monday,False,2018-04,2018-Q2,20180402
2018-04-03,2018,4,April,2,Q2,14,1,Tuesday,False,2018-04,2018-Q2,20180403
2018-04-04,2018,4,April,2,Q2,14,2,Wednesday,False,2018-04,2018-Q2,20180404
2018-04-05,2018,4,April,2,Q2,14,3,Thursday,False,2018-04,2018-Q2,20180405
2018-04-06,2018,4,April,2,Q2,14,4,Friday,False,2018-04,2018-Q2,20180406
2018-04-07,2018,4,April,2,Q2,14,5,Saturday,True,2018-04,2018-Q2,20180407
2018-04-08,2018,4,April,2,Q2,14,6,Sunday,True,2018-04,2018-Q2,20180408
2018-04-09,2018,4,April,2,Q2,15,0,Monday,False,2018-04,2018-Q2,20180409
2018-04-10,2018,4,April,2,Q2,15,1,Tuesday,False,2018-04,2018-Q2,20180410
2018-04-11,2018,4,April,2,Q2,15,2,Wednesday,False,2018-04,2018-Q2,20180411
2018-04-12,2018,4,April,2,Q2,15,3,Thursday,False,2018-04,2018-Q2,20180412
2018-04-13,2018,4,April,2,Q2,15,4,Friday,False,2018-04,2018-Q2,20180413
2018-04-14,2018,4,April,2,Q2,15,5,Saturday,True,2018-04,2018-Q2,20180414
2018-04-15,2018,4,April,2,Q2,15,6,Sunday,True,2018-04,2018-Q2,20180415
2018-04-16,2018,4,April,2,Q2,16,0,Monday,False,2018-04,2018-Q2,20180416
2018-04-17,2018,4,April,2,Q2,16,1,Tuesday,False,2018-04,2018-Q2,20180417
2018-04-18,2018,4,April,2,Q2,16,2,Wednesday,False,2018-04,2018-Q2,20180418
2018-04-19,2018,4,April,2,Q2,16,3,Thursday,False,2018-04,2018-Q2,20180419
2018-04-20,2018,4,April,2,Q2,16,4,Friday,False,2018-04,2018-Q2,20180420
2018-04-21,2018,4,April,2,Q2,16,5,Saturday,True,2018-04,2018-Q2,20180421
2018-04-22,2018,4,April,2,Q2,16,6,Sunday,True,2018-04,2018-Q2,20180422
2018-04-23,2018,4,April,2,Q2,17,0,Monday,False,2018-04,2018-Q2,20180423
2018-04-24,2018,4,April,2,Q2,17,1,Tuesday,False,2018-04,2018-Q2,20180424
2018-04-25,2018,4,April,2,Q2,17,2,Wednesday,False,2018-04,2018-Q2,20180425
2018-04-26,2018,4,April,2,Q2,17,3,Thursday,False,2018-04,2018-Q2,20180426
2018-04-27,2018,4,April,2,Q2,17,4,Friday,False,2018-04,2018-Q2,20180427
2018-04-28,2018,4,April,2,Q2,17,5,Saturday,True,2018-04,2018-Q2,20180428
2018-04-29,2018,4,April,2,Q2,17,6,Sunday,True,2018-04,2018-Q2,20180429
2018-04-30,2018,4,April,2,Q2,18,0,Monday,False,2018-04,2018-Q2,20180430
2018-05-01,2018,5,May,2,Q2,18,1,Tuesday,False,2018-05,2018-Q2,20180501
2018-05-02,2018,5,May,2,Q2,18,2,Wednesday,False,2018-05,2018-Q2,20180502
2018-05-03,2018,5,May,2,Q2,18,3,Thursday,False,2018-05,2018-Q2,20180503
2018-05-04,2018,5,May,2,Q2,18,4,Friday,False,2018-05,2018-Q2,20180504
2018-05-05,2018,5,May,2,Q2,18,5,Saturday,True,2018-05,2018-Q2,20180505
2018-05-06,2018,5,May,2,Q2,18,6,Sunday,True,2018-05,2018-Q2,20180506
2018-05-07,2018,5,May,2,Q2,19,0,Monday,False,2018-05,2018-Q2,20180507
2018-05-08,2018,5,May,2,Q2,19,1,Tuesday,False,2018-05,2018-Q2,20180508
2018-05-09,2018,5,May,2,Q2,19,2,Wednesday,False,2018-05,2018-Q2,20180509
2018-05-10,2018,5,May,2,Q2,19,3,Thursday,False,2018-05,2018-Q2,20180510
2018-05-11,2018,5,May,2,Q2,19,4,Friday,False,2018-05,2018-Q2,20180511
2018-05-12,2018,5,May,2,Q2,19,5,Saturday,True,2018-05,2018-Q2,20180512
2018-05-13,2018,5,May,2,Q2,19,6,Sunday,True,2018-05,2018-Q2,20180513
2018-05-14,2018,5,May,2,Q2,20,0,Monday,False,2018-05,2018-Q2,20180514
2018-05-15,2018,5,May,2,Q2,20,1,Tuesday,False,2018-05,2018-Q2,20180515
2018-05-16,2018,5,May,2,Q2,20,2,Wednesday,False,2018-05,2018-Q2,20180516
2018-05-17,2018,5,May,2,Q2,20,3,Thursday,False,2018-05,2018-Q2,20180517
2018-05-18,2018,5,May,2,Q2,20,4,Friday,False,2018-05,2018-Q2,20180518
2018-05-19,2018,5,May,2,Q2,20,5,Saturday,True,2018-05,2018-Q2,20180519
2018-05-20,2018,5,May,2,Q2,20,6,Sunday,True,2018-05,2018-Q2,20180520
2018-05-21,2018,5,May,2,Q2,21,0,Monday,False,2018-05,2018-Q2,20180521
2018-05-22,2018,5,May,2,Q2,21,1,Tuesday,False,2018-05,2018-Q2,20180522
2018-05-23,2018,5,May,2,Q2,21,2,Wednesday,False,2018-05,2018-Q2,20180523
2018-05-24,2018,5,May,2,Q2,21,3,Thursday,False,2018-05,2018-Q2,20180524
2018-05-25,2018,5,May,2,Q2,21,4,Friday,False,2018-05,2018-Q2,20180525
2018-05-26,2018,5,May,2,Q2,21,5,Saturday,True,2018-05,2018-Q2,20180526
2018-05-27,2018,5,May,2,Q2,21,6,Sunday,True,2018-05,2018-Q2,20180527
2018-05-28,2018,5,May,2,Q2,22,0,Monday,False,2018-05,2018-Q2,20180528
2018-05-29,2018,5,May,2,Q2,22,1,Tuesday,False,2018-05,2018-Q2,20180529
2018-05-30,2018,5,May,2,Q2,22,2,Wednesday,False,2018-05,2018-Q2,20180530
2018-05-31,2018,5,May,2,Q2,22,3,Thursday,False,2018-05,2018-Q2,20180531
2018-06-01,2018,6,June,2,Q2,22,4,Friday,False,2018-06,2018-Q2,20180601
2018-06-02,2018,6,June,2,Q2,22,5,Saturday,True,2018-06,2018-Q2,20180602
2018-06-03,2018,6,June,2,Q2,22,6,Sunday,True,2018-06,2018-Q2,20180603
2018-06-04,2018,6,June,2,Q2,23,0,Monday,False,2018-06,2018-Q2,20180604
2018-06-05,2018,6,June,2,Q2,23,1,Tuesday,False,2018-06,2018-Q2,20180605
2018-06-06,2018,6,June,2,Q2,23,2,Wednesday,False,2018-06,2018-Q2,20180606
2018-06-07,2018,6,June,2,Q2,23,3,Thursday,False,2018-06,2018-Q2,20180607
2018-06-08,2018,6,June,2,Q2,23,4,Friday,False,2018-06,2018-Q2,20180608
2018-06-09,2018,6,June,2,Q2,23,5,Saturday,True,2018-06,2018-Q2,20180609
2018-06-10,2018,6,June,2,Q2,23,6,Sunday,True,2018-06,2018-Q2,20180610
2018-06-11,2018,6,June,2,Q2,24,0,Monday,False,2018-06,2018-Q2,20180611
2018-06-12,2018,6,June,2,Q2,24,1,Tuesday,False,2018-06,2018-Q2,20180612
2018-06-13,2018,6,June,2,Q2,24,2,Wednesday,False,2018-06,2018-Q2,20180613
2018-06-14,2018,6,June,2,Q2,24,3,Thursday,False,2018-06,2018-Q2,20180614
2018-06-15,2018,6,June,2,Q2,24,4,Friday,False,2018-06,2018-Q2,20180615
2018-06-16,2018,6,June,2,Q2,24,5,Saturday,True,2018-06,2018-Q2,20180616
2018-06-17,2018,6,June,2,Q2,24,6,Sunday,True,2018-06,2018-Q2,20180617
2018-06-18,2018,6,June,2,Q2,25,0,Monday,False,2018-06,2018-Q2,20180618
2018-06-19,2018,6,June,2,Q2,25,1,Tuesday,False,2018-06,2018-Q2,20180619
2018-06-20,2018,6,June,2,Q2,25,2,Wednesday,False,2018-06,2018-Q2,20180620
2018-06-21,2018,6,June,2,Q2,25,3,Thursday,False,2018-06,2018-Q2,20180621
2018-06-22,2018,6,June,2,Q2,25,4,Friday,False,2018-06,2018-Q2,20180622
2018-06-23,2018,6,June,2,Q2,25,5,Saturday,True,2018-06,2018-Q2,20180623
2018-06-24,2018,6,June,2,Q2,25,6,Sunday,True,2018-06,2018-Q2,20180624
2018-06-25,2018,6,June,2,Q2,26,0,Monday,False,2018-06,2018-Q2,20180625
2018-06-26,2018,6,June,2,Q2,26,1,Tuesday,False,2018-06,2018-Q2,20180626
2018-06-27,2018,6,June,2,Q2,26,2,Wednesday,False,2018-06,2018-Q2,20180627
2018-06-28,2018,6,June,2,Q2,26,3,Thursday,False,2018-06,2018-Q2,20180628
2018-06-29,2018,6,June,2,Q2,26,4,Friday,False,2018-06,2018-Q2,20180629
2018-06-30,2018,6,June,2,Q2,26,5,Saturday,True,2018-06,2018-Q2,20180630
2018-07-01,2018,7,July,3,Q3,26,6,Sunday,True,2018-07,2018-Q3,20180701
2018-07-02,2018,7,July,3,Q3,27,0,Monday,False,2018-07,2018-Q3,20180702
2018-07-03,2018,7,July,3,Q3,27,1,Tuesday,False,2018-07,2018-Q3,20180703
2018-07-04,2018,7,July,3,Q3,27,2,Wednesday,False,2018-07,2018-Q3,20180704
2018-07-05,2018,7,July,3,Q3,27,3,Thursday,False,2018-07,2018-Q3,20180705
2018-07-06,2018,7,July,3,Q3,27,4,Friday,False,2018-07,2018-Q3,20180706
2018-07-07,2018,7,July,3,Q3,27,5,Saturday,True,2018-07,2018-Q3,20180707
2018-07-08,2018,7,July,3,Q3,27,6,Sunday,True,2018-07,2018-Q3,20180708
2018-07-09,2018,7,July,3,Q3,28,0,Monday,False,2018-07,2018-Q3,20180709
2018-07-10,2018,7,July,3,Q3,28,1,Tuesday,False,2018-07,2018-Q3,20180710
2018-07-11,2018,7,July,3,Q3,28,2,Wednesday,False,2018-07,2018-Q3,20180711
2018-07-12,2018,7,July,3,Q3,28,3,Thursday,False,2018-07,2018-Q3,20180712
2018-07-13,2018,7,July,3,Q3,28,4,Friday,False,2018-07,2018-Q3,20180713
2018-07-14,2018,7,July,3,Q3,28,5,Saturday,True,2018-07,2018-Q3,20180714
2018-07-15,2018,7,July,3,Q3,28,6,Sunday,True,2018-07,2018-Q3,20180715
2018-07-16,2018,7,July,3,Q3,29,0,Monday,False,2018-07,2018-Q3,20180716
2018-07-17,2018,7,July,3,Q3,29,1,Tuesday,False,2018-07,2018-Q3,20180717
2018-07-18,2018,7,July,3,Q3,29,2,Wednesday,False,2018-07,2018-Q3,20180718
2018-07-19,2018,7,July,3,Q3,29,3,Thursday,False,2018-07,2018-Q3,20180719
2018-07-20,2018,7,July,3,Q3,29,4,Friday,False,2018-07,2018-Q3,20180720
2018-07-21,2018,7,July,3,Q3,29,5,Saturday,True,2018-07,2018-Q3,20180721
2018-07-22,2018,7,July,3,Q3,29,6,Sunday,True,2018-07,2018-Q3,20180722
2018-07-23,2018,7,July,3,Q3,30,0,Monday,False,2018-07,2018-Q3,20180723
2018-07-24,2018,7,July,3,Q3,30,1,Tuesday,False,2018-07,2018-Q3,20180724
2018-07-25,2018,7,July,3,Q3,30,2,Wednesday,False,2018-07,2018-Q3,20180725
2018-07-26,2018,7,July,3,Q3,30,3,Thursday,False,2018-07,2018-Q3,20180726
2018-07-27,2018,7,July,3,Q3,30,4,Friday,False,2018-07,2018-Q3,20180727
2018-07-28,2018,7,July,3,Q3,30,5,Saturday,True,2018-07,2018-Q3,20180728
2018-07-29,2018,7,July,3,Q3,30,6,Sunday,True,2018-07,2018-Q3,20180729
2018-07-30,2018,7,July,3,Q3,31,0,Monday,False,2018-07,2018-Q3,20180730
2018-07-31,2018,7,July,3,Q3,31,1,Tuesday,False,2018-07,2018-Q3,20180731
2018-08-01,2018,8,August,3,Q3,31,2,Wednesday,False,2018-08,2018-Q3,20180801
2018-08-02,2018,8,August,3,Q3,31,3,Thursday,False,2018-08,2018-Q3,20180802
2018-08-03,2018,8,August,3,Q3,31,4,Friday,False,2018-08,2018-Q3,20180803
2018-08-04,2018,8,August,3,Q3,31,5,Saturday,True,2018-08,2018-Q3,20180804
2018-08-05,2018,8,August,3,Q3,31,6,Sunday,True,2018-08,2018-Q3,20180805
2018-08-06,2018,8,August,3,Q3,32,0,Monday,False,2018-08,2018-Q3,20180806
2018-08-07,2018,8,August,3,Q3,32,1,Tuesday,False,2018-08,2018-Q3,20180807
2018-08-08,2018,8,August,3,Q3,32,2,Wednesday,False,2018-08,2018-Q3,20180808
2018-08-09,2018,8,August,3,Q3,32,3,Thursday,False,2018-08,2018-Q3,20180809
2018-08-10,2018,8,August,3,Q3,32,4,Friday,False,2018-08,2018-Q3,20180810
2018-08-11,2018,8,August,3,Q3,32,5,Saturday,True,2018-08,2018-Q3,20180811
2018-08-12,2018,8,August,3,Q3,32,6,Sunday,True,2018-08,2018-Q3,20180812
2018-08-13,2018,8,August,3,Q3,33,0,Monday,False,2018-08,2018-Q3,20180813
2018-08-14,2018,8,August,3,Q3,33,1,Tuesday,False,2018-08,2018-Q3,20180814
2018-08-15,2018,8,August,3,Q3,33,2,Wednesday,False,2018-08,2018-Q3,20180815
2018-08-16,2018,8,August,3,Q3,33,3,Thursday,False,2018-08,2018-Q3,20180816
2018-08-17,2018,8,August,3,Q3,33,4,Friday,False,2018-08,2018-Q3,20180817
2018-08-18,2018,8,August,3,Q3,33,5,Saturday,True,2018-08,2018-Q3,20180818
2018-08-19,2018,8,August,3,Q3,33,6,Sunday,True,2018-08,2018-Q3,20180819
2018-08-20,2018,8,August,3,Q3,34,0,Monday,False,2018-08,2018-Q3,20180820
2018-08-21,2018,8,August,3,Q3,34,1,Tuesday,False,2018-08,2018-Q3,20180821
2018-08-22,2018,8,August,3,Q3,34,2,Wednesday,False,2018-08,2018-Q3,20180822
2018-08-23,2018,8,August,3,Q3,34,3,Thursday,False,2018-08,2018-Q3,20180823
2018-08-24,2018,8,August,3,Q3,34,4,Friday,False,2018-08,2018-Q3,20180824
2018-08-25,2018,8,August,3,Q3,34,5,Saturday,True,2018-08,2018-Q3,20180825
2018-08-26,2018,8,August,3,Q3,34,6,Sunday,True,2018-08,2018-Q3,20180826
2018-08-27,2018,8,August,3,Q3,35,0,Monday,False,2018-08,2018-Q3,20180827
2018-08-28,2018,8,August,3,Q3,35,1,Tuesday,False,2018-08,2018-Q3,20180828
2018-08-29,2018,8,August,3,Q3,35,2,Wednesday,False,2018-08,2018-Q3,20180829
2018-08-30,2018,8,August,3,Q3,35,3,Thursday,False,2018-08,2018-Q3,20180830
2018-08-31,2018,8,August,3,Q3,35,4,Friday,False,2018-08,2018-Q3,20180831
2018-09-01,2018,9,September,3,Q3,35,5,Saturday,True,2018-09,2018-Q3,20180901
2018-09-02,2018,9,September,3,Q3,35,6,Sunday,True,2018-09,2018-Q3,20180902
2018-09-03,2018,9,September,3,Q3,36,0,Monday,False,2018-09,2018-Q3,20180903
